file,identifier,identifier.ark,title,description,creator,date,date.other,format.extent,type,subject,language,source,relation.isPartOf,rights
b15077391_001500130001.pdf,b15077391a,b15077391a,The Mysticism of Ignatius,From the James L. McElhany Collection at the Center for Adventist Research (Collection 001).,"McElhany, James Lamar, 1880-1959",1920,1920,10 pages,Other,Seventh-day Adventists -- Doctrines,English,Center for Adventist Research,McElhany Collection (Collection 001),http://rightsstatements.org/vocab/NoC-US/1.0/
b15077391_001500310001.pdf,b15077391b,b15077391b,The Prophetic Dates of Daniel and the Revelation,From the James L. McElhany Collection at the Center for Adventist Research (Collection 001).,"McElhany, James Lamar, 1880-1959",1920,1920,1 page,Other,Seventh-day Adventists -- Doctrines,English,Center for Adventist Research,McElhany Collection (Collection 001),http://rightsstatements.org/vocab/NoC-US/1.0/
b15077391_001500310002.pdf,b15077391c,b15077391c,"Report of a Council on the Subject of Melchizidek Held at the Avondale College, Australia",From the James L. McElhany Collection at the Center for Adventist Research (Collection 001).,"McElhany, James Lamar, 1880-1959",1920,1920,1 page,Other,Seventh-day Adventists -- Doctrines,English,Center for Adventist Research,McElhany Collection (Collection 001),http://rightsstatements.org/vocab/NoC-US/1.0/
b15077391_001800010001.pdf,b15077391d,b15077391d,A Critical Examination of Some of our Positions on the Trumpets,From the James L. McElhany Collection at the Center for Adventist Research (Collection 001).,"McElhany, James Lamar, 1880-1959",1920,1920,16 pages,Other,Seventh-day Adventists -- Doctrines,English,Center for Adventist Research,McElhany Collection (Collection 001),http://rightsstatements.org/vocab/NoC-US/1.0/
b15077391_001800010002.pdf,b15077391e,b15077391e,Present World Conditions from the Prophet's Vantage View-Point,From the James L. McElhany Collection at the Center for Adventist Research (Collection 001).,"McElhany, James Lamar, 1880-1959",1920,1920,6 pages,Other,Seventh-day Adventists -- Doctrines,English,Center for Adventist Research,McElhany Collection (Collection 001),http://rightsstatements.org/vocab/NoC-US/1.0/